rank,term,CF,DF,IDF,CF_per_DF
1,",",8842,988,0.01207258123426924,8.949392712550607
2,.,7418,1000,0.0,7.418
3,the,6727,976,0.024292692569044483,6.892418032786885
4,and,6530,982,0.01816397062767112,6.64969450101833
5,of,6015,980,0.02020270731751947,6.137755102040816
6,in,4617,957,0.04395188752918277,4.824451410658307
7,glp-1,3863,929,0.07364654016829851,4.158234660925727
8,),3598,961,0.03978087001184446,3.7440166493236213
9,(,3580,961,0.03978087001184446,3.72528616024974
10,to,2876,895,0.11093156070728162,3.21340782122905
11,a,2331,849,0.1636960926707897,2.745583038869258
12,with,1772,733,0.3106095770954856,2.417462482946794
13,for,1570,732,0.31197476502082544,2.1448087431693987
14,is,1307,680,0.38566248081198473,1.9220588235294118
15,that,1240,631,0.4604494164409239,1.9651347068145801
16,-,1139,410,0.8915981192837835,2.7780487804878047
17,on,1074,589,0.5293290953305504,1.8234295415959254
18,receptor,1035,620,0.47803580094299974,1.6693548387096775
19,as,1002,520,0.653926467406664,1.926923076923077
20,by,986,520,0.653926467406664,1.896153846153846
21,glucagon-like,973,928,0.07472354619593657,1.0484913793103448
22,this,947,655,0.4231200433468852,1.4458015267175572
23,diabetes,819,545,0.6069694843188931,1.5027522935779816
24,effects,809,471,0.7528971849657193,1.7176220806794056
25,peptide-1,781,753,0.28369005118224344,1.0371845949535192
26,are,776,486,0.7215466550816433,1.5967078189300412
27,:,759,214,1.5417792639602856,3.546728971962617
28,we,759,475,0.7444404749474958,1.5978947368421053
29,agonists,753,461,0.7743572359854886,1.6334056399132322
30,was,724,351,1.0469690555162712,2.0626780626780628
31,were,671,320,1.1394342831883648,2.096875
32,have,657,431,0.8416471888783893,1.5243619489559164
33,/,632,303,1.1940224734727678,2.0858085808580857
34,secretion,621,268,1.3167682984712803,2.3171641791044775
35,these,619,440,0.8209805520698303,1.4068181818181817
36,insulin,616,309,1.1744140020843916,1.993527508090615
37,treatment,597,394,0.9314043696842033,1.515228426395939
38,or,582,349,1.0526833567797098,1.667621776504298
39,glucose,572,307,1.18090753139494,1.8631921824104234
40,an,569,401,0.9137938516755679,1.4189526184538654
41,weight,551,315,1.155182640156504,1.7492063492063492
42,type,532,415,0.8794767587514388,1.2819277108433735
43,from,515,351,1.0469690555162712,1.4672364672364673
44,patients,510,281,1.2694006096483914,1.8149466192170818
45,obesity,499,278,1.2801341652915,1.7949640287769784
46,cells,489,206,1.579879110192556,2.3737864077669903
47,ras,445,147,1.9173226922034008,3.0272108843537415
48,their,441,292,1.2310014767138553,1.5102739726027397
49,peptide,431,315,1.155182640156504,1.3682539682539683
50,be,422,315,1.155182640156504,1.3396825396825396
