rank,term,CF,DF,IDF,CF_per_DF,TF,TF_IDF
3307,binge-like,4,1,6.907755278982137,4.0,4,27.631021115928547
699,alcohol,33,14,4.268697949366879,2.357142857142857,6,25.612187696201275
1697,drinking,11,6,5.115995809754082,1.8333333333333333,5,25.57997904877041
125,semaglutide,160,85,2.4651040224918206,1.8823529411764706,9,22.185936202426387
2376,gaba,7,2,6.214608098422191,3.5,3,18.643824295266576
4901,cea,2,1,6.907755278982137,2.0,2,13.815510557964274
5047,dependence-induced,2,1,6.907755278982137,2.0,2,13.815510557964274
5373,ilc,2,1,6.907755278982137,2.0,2,13.815510557964274
196,rats,110,57,2.864704011147587,1.9298245614035088,4,11.458816044590348
1103,aud,19,6,5.115995809754082,3.1666666666666665,2,10.231991619508165
1119,female,19,16,4.135166556742356,1.1875,2,8.270333113484712
711,male,33,24,3.7297014486341915,1.375,2,7.459402897268383
6390,alcohol-dependent,1,1,6.907755278982137,1.0,1,6.907755278982137
6391,alcohol-naive,1,1,6.907755278982137,1.0,1,6.907755278982137
7449,drinking-in-the-dark,1,1,6.907755278982137,1.0,1,6.907755278982137
8334,infralimbic,1,1,6.907755278982137,1.0,1,6.907755278982137
10012,sipsc,1,1,6.907755278982137,1.0,1,6.907755278982137
590,analogue,39,33,3.411247717515657,1.1818181818181819,2,6.822495435031314
4749,amygdala,2,2,6.214608098422191,1.0,1,6.214608098422191
4841,biobehavioral,2,2,6.214608098422191,1.0,1,6.214608098422191
4998,correlates,2,2,6.214608098422191,1.0,1,6.214608098422191
5642,neurotransmission,2,2,6.214608098422191,1.0,1,6.214608098422191
5660,noncaloric,2,2,6.214608098422191,1.0,1,6.214608098422191
6033,sipscs,2,2,6.214608098422191,1.0,1,6.214608098422191
211,neurons,105,52,2.9565115604007097,2.019230769230769,2,5.9130231208014195
4345,neurobiology,3,3,5.809142990314028,1.0,1,5.809142990314028
3254,addictive,4,4,5.521460917862246,1.0,1,5.521460917862246
1966,caloric,9,4,5.521460917862246,2.25,1,5.521460917862246
1690,currents,11,5,5.298317366548036,2.2,1,5.298317366548036
1909,postsynaptic,10,5,5.298317366548036,2.0,1,5.298317366548036
3194,solutions,5,5,5.298317366548036,1.0,1,5.298317366548036
2491,spontaneous,7,6,5.115995809754082,1.1666666666666667,1,5.115995809754082
2513,transmission,7,6,5.115995809754082,1.1666666666666667,1,5.115995809754082
1689,cortex,11,7,4.961845129926823,1.5714285714285714,1,4.961845129926823
2153,dose-dependently,8,7,4.961845129926823,1.1428571428571428,1,4.961845129926823
189,central,112,86,2.4534079827286295,1.302325581395349,2,4.906815965457259
2232,procedure,8,8,4.8283137373023015,1.0,1,4.8283137373023015
117,intake,171,98,2.322787800311565,1.7448979591836735,2,4.64557560062313
1631,modulated,12,11,4.509860006183766,1.0909090909090908,1,4.509860006183766
1781,testing,11,11,4.509860006183766,1.0,1,4.509860006183766
1177,frequency,18,13,4.3428059215206005,1.3846153846153846,1,4.3428059215206005
981,behaviors,22,14,4.268697949366879,1.5714285714285714,1,4.268697949366879
131,reduced,155,120,2.120263536200091,1.2916666666666667,2,4.240527072400182
72,mice,265,121,2.111964733385396,2.190082644628099,2,4.223929466770792
1308,pharmacotherapy,16,16,4.135166556742356,1.0,1,4.135166556742356
1258,species,17,17,4.074541934925921,1.0,1,4.074541934925921
1151,tested,19,18,4.017383521085972,1.0555555555555556,1,4.017383521085972
1124,indicates,19,19,3.9633162998156966,1.0,1,3.9633162998156966
1043,rodents,21,19,3.9633162998156966,1.105263157894737,1,3.9633162998156966
120,used,171,150,1.8971199848858813,1.14,2,3.7942399697717626
962,providing,23,23,3.7722610630529876,1.0,1,3.7722610630529876
617,long-acting,38,30,3.506557897319982,1.2666666666666666,1,3.506557897319982
580,inhibitory,40,34,3.3813947543659757,1.1764705882352942,1,3.3813947543659757
511,disorder,45,36,3.324236340526027,1.25,1,3.324236340526027
583,overall,40,39,3.2441936328524905,1.0256410256410255,1,3.2441936328524905
526,test,45,39,3.2441936328524905,1.1538461538461537,1,3.2441936328524905
57,effect,321,203,1.5945492999403497,1.5812807881773399,2,3.1890985998806993
12,on,1074,589,0.5293290953305504,1.8234295415959254,6,3.1759745719833026
64,use,300,207,1.575036485716768,1.4492753623188406,2,3.150072971433536
500,growing,46,44,3.123565645063876,1.0454545454545454,1,3.123565645063876
521,potentially,45,44,3.123565645063876,1.0227272727272727,1,3.123565645063876
506,suggesting,46,44,3.123565645063876,1.0454545454545454,1,3.123565645063876
498,examined,46,45,3.101092789211817,1.0222222222222221,1,3.101092789211817
298,analogues,75,49,3.0159349808715104,1.530612244897959,1,3.0159349808715104
19,effects,809,471,0.7528971849657193,1.7176220806794056,4,3.0115887398628773
360,across,62,52,2.9565115604007097,1.1923076923076923,1,2.9565115604007097
341,acute,67,53,2.9374633654300153,1.2641509433962264,1,2.9374633654300153
373,support,61,58,2.8473122684357177,1.0517241379310345,1,2.8473122684357177
340,similar,68,62,2.7806208939370456,1.096774193548387,1,2.7806208939370456
293,enhanced,76,65,2.7333680090865,1.1692307692307693,1,2.7333680090865
271,models,82,66,2.7181005369557116,1.2424242424242424,1,2.7181005369557116
264,had,84,69,2.6736487743848776,1.2173913043478262,1,2.6736487743848776
255,involved,87,71,2.645075401940822,1.2253521126760563,1,2.645075401940822
259,different,86,72,2.631089159966082,1.1944444444444444,1,2.631089159966082
54,also,341,271,1.3056364581024362,1.2583025830258303,2,2.6112729162048725
247,observed,91,81,2.513306124309698,1.123456790123457,1,2.513306124309698
185,decreased,114,90,2.407945608651872,1.2666666666666666,1,2.407945608651872
212,conclusion,104,104,2.2633643798407643,1.0,1,2.2633643798407643
119,release,171,107,2.234926444520231,1.5981308411214954,1,2.234926444520231
194,here,110,110,2.207274913189721,1.0,1,2.207274913189721
148,system,144,117,2.145581344184381,1.2307692307692308,1,2.145581344184381
36,from,515,351,1.0469690555162712,1.4672364672364673,2,2.0939381110325423
24,was,724,351,1.0469690555162712,2.0626780626780628,2,2.0939381110325423
130,no,156,129,2.047942874620465,1.2093023255813953,1,2.047942874620465
138,novel,149,130,2.0402208285265546,1.146153846153846,1,2.0402208285265546
14,as,1002,520,0.653926467406664,1.926923076923077,3,1.9617794022199921
118,other,171,144,1.9379419794061366,1.1875,1,1.9379419794061366
122,well,167,150,1.8971199848858813,1.1133333333333333,1,1.8971199848858813
74,evidence,259,189,1.6660082639224947,1.3703703703703705,1,1.6660082639224947
66,increased,293,203,1.5945492999403497,1.4433497536945812,1,1.5945492999403497
22,we,759,475,0.7444404749474958,1.5978947368421053,2,1.4888809498949915
68,but,285,226,1.487220279709851,1.261061946902655,1,1.487220279709851
47,clinical,392,262,1.3394107752210402,1.4961832061068703,1,1.3394107752210402
45,may,395,293,1.2275826699650698,1.348122866894198,1,1.2275826699650698
43,be,422,315,1.155182640156504,1.3396825396825396,1,1.155182640156504
9,for,1570,732,0.31197476502082544,2.1448087431693987,3,0.9359242950624763
30,treatment,597,394,0.9314043696842033,1.515228426395939,1,0.9314043696842033
7,a,2331,849,0.1636960926707897,2.745583038869258,4,0.6547843706831588
11,that,1240,631,0.4604494164409239,1.9651347068145801,1,0.4604494164409239
4,in,4617,957,0.04395188752918277,4.824451410658307,9,0.39556698776264493
10,is,1307,680,0.38566248081198473,1.9220588235294118,1,0.38566248081198473
5,glp-1,3863,929,0.07364654016829851,4.158234660925727,4,0.29458616067319404
20,peptide-1,781,753,0.28369005118224344,1.0371845949535192,1,0.28369005118224344
1,the,6727,976,0.024292692569044483,6.892418032786885,8,0.19434154055235586
3,of,6015,980,0.02020270731751947,6.137755102040816,9,0.18182436585767522
2,and,6530,982,0.01816397062767112,6.64969450101833,9,0.16347573564904008
6,to,2876,895,0.11093156070728162,3.21340782122905,1,0.11093156070728162
16,glucagon-like,973,928,0.07472354619593657,1.0484913793103448,1,0.07472354619593657
